"DESCRIPTION","DURATION IN MS","NAME","PARENT SUITE","START TIME","STATUS","STOP TIME","SUB SUITE","SUITE","TEST CLASS","TEST METHOD"
"","10247","Update profile information","","Wed Jun 18 09:11:34 ICT 2025","passed","Wed Jun 18 09:11:45 ICT 2025","","","",""
"","1837","Login with valid credentials","","Wed Jun 18 09:11:27 ICT 2025","passed","Wed Jun 18 09:11:29 ICT 2025","","","",""
"","7026","Delete task","","Wed Jun 18 09:11:52 ICT 2025","broken","Wed Jun 18 09:11:59 ICT 2025","","","",""
"","1769","Login with only username","","Wed Jun 18 09:11:31 ICT 2025","passed","Wed Jun 18 09:11:33 ICT 2025","","","",""
"","7571","Create a new task with full details","","Wed Jun 18 09:11:45 ICT 2025","passed","Wed Jun 18 09:11:52 ICT 2025","","","",""
"","8897","Login with valid credentials","","Wed Jun 18 09:11:17 ICT 2025","passed","Wed Jun 18 09:11:25 ICT 2025","","","",""
"","1808","Login with valid credentials","","Wed Jun 18 09:11:25 ICT 2025","passed","Wed Jun 18 09:11:27 ICT 2025","","","",""
"","1855","Login with only username","","Wed Jun 18 09:11:29 ICT 2025","passed","Wed Jun 18 09:11:31 ICT 2025","","","",""
"","1579","Login with invalid credentials","","Wed Jun 18 09:11:33 ICT 2025","passed","Wed Jun 18 09:11:34 ICT 2025","","","",""
